<?xml version="1.0" encoding="UTF-8"?>
<GenRun Id="synth_1" LaunchPart="xczu7ev-ffvc1156-2-e" LaunchTime="1661858170">
  <File Type="PA-TCL" Name="MVT.tcl"/>
  <File Type="RDS-PROPCONSTRS" Name="MVT_drc_synth.rpt"/>
  <File Type="REPORTS-TCL" Name="MVT_reports.tcl"/>
  <File Type="RDS-RDS" Name="MVT.vds"/>
  <File Type="RDS-UTIL" Name="MVT_utilization_synth.rpt"/>
  <File Type="RDS-UTIL-PB" Name="MVT_utilization_synth.pb"/>
  <File Type="RDS-DCP" Name="MVT.dcp"/>
  <File Type="VDS-TIMINGSUMMARY" Name="MVT_timing_summary_synth.rpt"/>
  <File Type="VDS-TIMING-PB" Name="MVT_timing_summary_synth.pb"/>
  <FileSet Name="sources" Type="DesignSrcs" RelSrcDir="$PSRCDIR/sources_1">
    <Filter Type="Srcs"/>
    <File Path="$PSRCDIR/sources_1/bd/design_1/design_1.bd">
      <FileInfo>
        <Attr Name="ImportPath" Val="$PPRDIR/../TDC_V2.0/TDC_V2.0.srcs/sources_1/bd/design_1/design_1.bd"/>
        <Attr Name="ImportTime" Val="1655273760"/>
        <Attr Name="UsedIn" Val="synthesis"/>
        <Attr Name="UsedIn" Val="implementation"/>
        <Attr Name="UsedIn" Val="simulation"/>
      </FileInfo>
    </File>
    <File Path="$PSRCDIR/sources_1/new/BPS_TIMER.v">
      <FileInfo>
        <Attr Name="ImportPath" Val="$PPRDIR/../TDC_V2.0/TDC_V2.0.srcs/sources_1/new/BPS_TIMER.v"/>
        <Attr Name="ImportTime" Val="1655109608"/>
        <Attr Name="UsedIn" Val="synthesis"/>
        <Attr Name="UsedIn" Val="implementation"/>
        <Attr Name="UsedIn" Val="simulation"/>
      </FileInfo>
    </File>
    <File Path="$PSRCDIR/sources_1/new/all_delay_module.v">
      <FileInfo>
        <Attr Name="UsedIn" Val="synthesis"/>
        <Attr Name="UsedIn" Val="implementation"/>
        <Attr Name="UsedIn" Val="simulation"/>
      </FileInfo>
    </File>
    <File Path="$PSRCDIR/sources_1/new/clock_control_block.v">
      <FileInfo>
        <Attr Name="ImportPath" Val="$PPRDIR/../TDC_V2.0/TDC_V2.0.srcs/sources_1/new/clock_control_block.v"/>
        <Attr Name="ImportTime" Val="1655107385"/>
        <Attr Name="UsedIn" Val="synthesis"/>
        <Attr Name="UsedIn" Val="implementation"/>
        <Attr Name="UsedIn" Val="simulation"/>
      </FileInfo>
    </File>
    <File Path="$PSRCDIR/sources_1/new/coarsecounter_module.v">
      <FileInfo>
        <Attr Name="ImportPath" Val="$PPRDIR/../ramp_adc_detector/ramp_adc_detector.srcs/sources_1/new/coarsecounter_module.v"/>
        <Attr Name="ImportTime" Val="1655797190"/>
        <Attr Name="UsedIn" Val="synthesis"/>
        <Attr Name="UsedIn" Val="implementation"/>
        <Attr Name="UsedIn" Val="simulation"/>
      </FileInfo>
    </File>
    <File Path="$PSRCDIR/sources_1/new/delay.v">
      <FileInfo>
        <Attr Name="ImportPath" Val="$PPRDIR/../TDC_V2.0/TDC_V2.0.srcs/sources_1/new/delay.v"/>
        <Attr Name="ImportTime" Val="1655108221"/>
        <Attr Name="UsedIn" Val="synthesis"/>
        <Attr Name="UsedIn" Val="implementation"/>
        <Attr Name="UsedIn" Val="simulation"/>
      </FileInfo>
    </File>
    <File Path="$PSRCDIR/sources_1/new/delay_head.v">
      <FileInfo>
        <Attr Name="ImportPath" Val="$PPRDIR/../TDC_V3.0/TDC_V3.0.srcs/sources_1/new/delay_head.v"/>
        <Attr Name="ImportTime" Val="1655356868"/>
        <Attr Name="UsedIn" Val="synthesis"/>
        <Attr Name="UsedIn" Val="implementation"/>
        <Attr Name="UsedIn" Val="simulation"/>
      </FileInfo>
    </File>
    <File Path="$PSRCDIR/sources_1/new/delay_module.v">
      <FileInfo>
        <Attr Name="ImportPath" Val="$PPRDIR/../ramp_adc_detector_v3.0/ramp_adc_detector_v3.0.srcs/sources_1/new/delay_module.v"/>
        <Attr Name="ImportTime" Val="1656564859"/>
        <Attr Name="UsedIn" Val="synthesis"/>
        <Attr Name="UsedIn" Val="implementation"/>
        <Attr Name="UsedIn" Val="simulation"/>
      </FileInfo>
    </File>
    <File Path="$PSRCDIR/sources_1/bd/design_1/hdl/design_1_wrapper.v">
      <FileInfo>
        <Attr Name="ImportPath" Val="$PPRDIR/../TDC_V2.0/TDC_V2.0.srcs/sources_1/bd/design_1/hdl/design_1_wrapper.v"/>
        <Attr Name="ImportTime" Val="1655273780"/>
        <Attr Name="UsedIn" Val="synthesis"/>
        <Attr Name="UsedIn" Val="implementation"/>
        <Attr Name="UsedIn" Val="simulation"/>
      </FileInfo>
    </File>
    <File Path="$PSRCDIR/sources_1/new/discharge_module.v">
      <FileInfo>
        <Attr Name="ImportPath" Val="$PPRDIR/../ramp_adc_detector/ramp_adc_detector.srcs/sources_1/new/discharge_module.v"/>
        <Attr Name="ImportTime" Val="1655862116"/>
        <Attr Name="UsedIn" Val="synthesis"/>
        <Attr Name="UsedIn" Val="implementation"/>
        <Attr Name="UsedIn" Val="simulation"/>
      </FileInfo>
    </File>
    <File Path="$PSRCDIR/sources_1/new/fen_pin.v">
      <FileInfo>
        <Attr Name="ImportPath" Val="$PPRDIR/../ramp_adc_detector/ramp_adc_detector.srcs/sources_1/new/fen_pin.v"/>
        <Attr Name="ImportTime" Val="1655862248"/>
        <Attr Name="UsedIn" Val="synthesis"/>
        <Attr Name="UsedIn" Val="implementation"/>
        <Attr Name="UsedIn" Val="simulation"/>
      </FileInfo>
    </File>
    <File Path="$PSRCDIR/sources_1/new/load_module.v">
      <FileInfo>
        <Attr Name="ImportPath" Val="$PPRDIR/../ramp_adc_detector/ramp_adc_detector.srcs/sources_1/new/load_module.v"/>
        <Attr Name="ImportTime" Val="1655728999"/>
        <Attr Name="UsedIn" Val="synthesis"/>
        <Attr Name="UsedIn" Val="implementation"/>
        <Attr Name="UsedIn" Val="simulation"/>
      </FileInfo>
    </File>
    <File Path="$PSRCDIR/sources_1/new/lvds.v">
      <FileInfo>
        <Attr Name="ImportPath" Val="$PPRDIR/../TDC_V2.0/TDC_V2.0.srcs/sources_1/new/lvds.v"/>
        <Attr Name="ImportTime" Val="1655107428"/>
        <Attr Name="UsedIn" Val="synthesis"/>
        <Attr Name="UsedIn" Val="implementation"/>
        <Attr Name="UsedIn" Val="simulation"/>
      </FileInfo>
    </File>
    <File Path="$PSRCDIR/sources_1/new/lvds_input_block.v">
      <FileInfo>
        <Attr Name="ImportPath" Val="$PPRDIR/../TDC_V2.0/TDC_V2.0.srcs/sources_1/new/lvds_input_block.v"/>
        <Attr Name="ImportTime" Val="1655107402"/>
        <Attr Name="UsedIn" Val="synthesis"/>
        <Attr Name="UsedIn" Val="implementation"/>
        <Attr Name="UsedIn" Val="simulation"/>
      </FileInfo>
    </File>
    <File Path="$PSRCDIR/sources_1/new/peak_hold.v">
      <FileInfo>
        <Attr Name="ImportPath" Val="$PPRDIR/../ramp_adc_detector/ramp_adc_detector.srcs/sources_1/new/peak_hold.v"/>
        <Attr Name="ImportTime" Val="1655862173"/>
        <Attr Name="UsedIn" Val="synthesis"/>
        <Attr Name="UsedIn" Val="implementation"/>
        <Attr Name="UsedIn" Val="simulation"/>
      </FileInfo>
    </File>
    <File Path="$PSRCDIR/sources_1/new/ramp_adc.v">
      <FileInfo>
        <Attr Name="ImportPath" Val="$PPRDIR/../ramp_adc_detector/ramp_adc_detector.srcs/sources_1/new/ramp_adc.v"/>
        <Attr Name="ImportTime" Val="1655862213"/>
        <Attr Name="UsedIn" Val="synthesis"/>
        <Attr Name="UsedIn" Val="implementation"/>
        <Attr Name="UsedIn" Val="simulation"/>
      </FileInfo>
    </File>
    <File Path="$PSRCDIR/sources_1/new/ramp_module.v">
      <FileInfo>
        <Attr Name="ImportPath" Val="$PPRDIR/../ramp_adc_detector/ramp_adc_detector.srcs/sources_1/new/ramp_module.v"/>
        <Attr Name="ImportTime" Val="1655725387"/>
        <Attr Name="UsedIn" Val="synthesis"/>
        <Attr Name="UsedIn" Val="implementation"/>
        <Attr Name="UsedIn" Val="simulation"/>
      </FileInfo>
    </File>
    <File Path="$PSRCDIR/sources_1/new/reset_control_block.v">
      <FileInfo>
        <Attr Name="ImportPath" Val="$PPRDIR/../TDC_V2.0/TDC_V2.0.srcs/sources_1/new/reset_control_block.v"/>
        <Attr Name="ImportTime" Val="1655107646"/>
        <Attr Name="UsedIn" Val="synthesis"/>
        <Attr Name="UsedIn" Val="implementation"/>
        <Attr Name="UsedIn" Val="simulation"/>
      </FileInfo>
    </File>
    <File Path="$PSRCDIR/sources_1/new/signal_select_module.v">
      <FileInfo>
        <Attr Name="UsedIn" Val="synthesis"/>
        <Attr Name="UsedIn" Val="implementation"/>
        <Attr Name="UsedIn" Val="simulation"/>
      </FileInfo>
    </File>
    <File Path="$PSRCDIR/sources_1/new/uart_tx.v">
      <FileInfo>
        <Attr Name="ImportPath" Val="$PPRDIR/../TDC_V2.0/TDC_V2.0.srcs/sources_1/new/uart_tx.v"/>
        <Attr Name="ImportTime" Val="1655109585"/>
        <Attr Name="UsedIn" Val="synthesis"/>
        <Attr Name="UsedIn" Val="implementation"/>
        <Attr Name="UsedIn" Val="simulation"/>
      </FileInfo>
    </File>
    <File Path="$PSRCDIR/sources_1/new/TDC.sv">
      <FileInfo>
        <Attr Name="ImportPath" Val="$PPRDIR/../TDC_V2.0/TDC_V2.0.srcs/sources_1/new/TDC.sv"/>
        <Attr Name="ImportTime" Val="1655108175"/>
        <Attr Name="UsedIn" Val="synthesis"/>
        <Attr Name="UsedIn" Val="implementation"/>
        <Attr Name="UsedIn" Val="simulation"/>
      </FileInfo>
    </File>
    <File Path="$PSRCDIR/sources_1/new/Uart_top.sv">
      <FileInfo>
        <Attr Name="ImportPath" Val="$PPRDIR/../TDC_V2.0/TDC_V2.0.srcs/sources_1/new/Uart_top.sv"/>
        <Attr Name="ImportTime" Val="1655109527"/>
        <Attr Name="UsedIn" Val="synthesis"/>
        <Attr Name="UsedIn" Val="implementation"/>
        <Attr Name="UsedIn" Val="simulation"/>
      </FileInfo>
    </File>
    <File Path="$PSRCDIR/sources_1/new/carrychain_block.sv">
      <FileInfo>
        <Attr Name="ImportPath" Val="$PPRDIR/../TDC_V2.0/TDC_V2.0.srcs/sources_1/new/carrychain_block.sv"/>
        <Attr Name="ImportTime" Val="1655206741"/>
        <Attr Name="UsedIn" Val="synthesis"/>
        <Attr Name="UsedIn" Val="implementation"/>
        <Attr Name="UsedIn" Val="simulation"/>
      </FileInfo>
    </File>
    <File Path="$PSRCDIR/sources_1/new/mvt_control_block.sv">
      <FileInfo>
        <Attr Name="ImportPath" Val="$PPRDIR/../TDC_V2.0/TDC_V2.0.srcs/sources_1/new/mvt_control_block.sv"/>
        <Attr Name="ImportTime" Val="1655107673"/>
        <Attr Name="UsedIn" Val="synthesis"/>
        <Attr Name="UsedIn" Val="implementation"/>
        <Attr Name="UsedIn" Val="simulation"/>
      </FileInfo>
    </File>
    <File Path="$PSRCDIR/sources_1/new/mvt_process.sv">
      <FileInfo>
        <Attr Name="ImportPath" Val="$PPRDIR/../TDC_V2.0/TDC_V2.0.srcs/sources_1/new/mvt_process.sv"/>
        <Attr Name="ImportTime" Val="1655122775"/>
        <Attr Name="UsedIn" Val="synthesis"/>
        <Attr Name="UsedIn" Val="implementation"/>
        <Attr Name="UsedIn" Val="simulation"/>
      </FileInfo>
    </File>
    <File Path="$PSRCDIR/sources_1/new/serial_trans.sv">
      <FileInfo>
        <Attr Name="ImportPath" Val="$PPRDIR/../TDC_V2.0/TDC_V2.0.srcs/sources_1/new/serial_trans.sv"/>
        <Attr Name="ImportTime" Val="1655109507"/>
        <Attr Name="UsedIn" Val="synthesis"/>
        <Attr Name="UsedIn" Val="implementation"/>
        <Attr Name="UsedIn" Val="simulation"/>
      </FileInfo>
    </File>
    <File Path="$PSRCDIR/sources_1/new/serial_trans_block.sv">
      <FileInfo>
        <Attr Name="ImportPath" Val="$PPRDIR/../TDC_V2.0/TDC_V2.0.srcs/sources_1/new/serial_trans_block.sv"/>
        <Attr Name="ImportTime" Val="1655125202"/>
        <Attr Name="UsedIn" Val="synthesis"/>
        <Attr Name="UsedIn" Val="implementation"/>
        <Attr Name="UsedIn" Val="simulation"/>
      </FileInfo>
    </File>
    <File Path="$PSRCDIR/sources_1/new/temp_dataout.sv">
      <FileInfo>
        <Attr Name="ImportPath" Val="$PPRDIR/../TDC_V2.0/TDC_V2.0.srcs/sources_1/new/temp_dataout.sv"/>
        <Attr Name="ImportTime" Val="1655288289"/>
        <Attr Name="UsedIn" Val="synthesis"/>
        <Attr Name="UsedIn" Val="implementation"/>
        <Attr Name="UsedIn" Val="simulation"/>
      </FileInfo>
    </File>
    <File Path="$PSRCDIR/sources_1/new/MVT.sv">
      <FileInfo>
        <Attr Name="ImportPath" Val="$PPRDIR/../TDC_V2.0/TDC_V2.0.srcs/sources_1/new/MVT.sv"/>
        <Attr Name="ImportTime" Val="1655273863"/>
        <Attr Name="UsedIn" Val="synthesis"/>
        <Attr Name="UsedIn" Val="implementation"/>
        <Attr Name="UsedIn" Val="simulation"/>
      </FileInfo>
    </File>
    <File Path="$PSRCDIR/sources_1/new/ramp_adc_test.v">
      <FileInfo>
        <Attr Name="AutoDisabled" Val="1"/>
        <Attr Name="UsedIn" Val="synthesis"/>
        <Attr Name="UsedIn" Val="implementation"/>
        <Attr Name="UsedIn" Val="simulation"/>
      </FileInfo>
    </File>
    <File Path="$PSRCDIR/sources_1/new/ramp_adc_test_fenpin.v">
      <FileInfo>
        <Attr Name="AutoDisabled" Val="1"/>
        <Attr Name="UsedIn" Val="synthesis"/>
        <Attr Name="UsedIn" Val="implementation"/>
        <Attr Name="UsedIn" Val="simulation"/>
      </FileInfo>
    </File>
    <File Path="$PSRCDIR/sources_1/new/priority_encoder128.sv">
      <FileInfo>
        <Attr Name="AutoDisabled" Val="1"/>
        <Attr Name="ImportPath" Val="$PPRDIR/../TDC_V2.0/TDC_V2.0.srcs/sources_1/new/priority_encoder128.sv"/>
        <Attr Name="ImportTime" Val="1655108576"/>
        <Attr Name="UsedIn" Val="synthesis"/>
        <Attr Name="UsedIn" Val="implementation"/>
        <Attr Name="UsedIn" Val="simulation"/>
      </FileInfo>
    </File>
    <File Path="$PSRCDIR/sources_1/new/priority_encoder16.sv">
      <FileInfo>
        <Attr Name="AutoDisabled" Val="1"/>
        <Attr Name="ImportPath" Val="$PPRDIR/../TDC_V2.0/TDC_V2.0.srcs/sources_1/new/priority_encoder16.sv"/>
        <Attr Name="ImportTime" Val="1655108652"/>
        <Attr Name="UsedIn" Val="synthesis"/>
        <Attr Name="UsedIn" Val="implementation"/>
        <Attr Name="UsedIn" Val="simulation"/>
      </FileInfo>
    </File>
    <File Path="$PSRCDIR/sources_1/new/priority_encoder32.sv">
      <FileInfo>
        <Attr Name="AutoDisabled" Val="1"/>
        <Attr Name="ImportPath" Val="$PPRDIR/../TDC_V2.0/TDC_V2.0.srcs/sources_1/new/priority_encoder32.sv"/>
        <Attr Name="ImportTime" Val="1655108625"/>
        <Attr Name="UsedIn" Val="synthesis"/>
        <Attr Name="UsedIn" Val="implementation"/>
        <Attr Name="UsedIn" Val="simulation"/>
      </FileInfo>
    </File>
    <File Path="$PSRCDIR/sources_1/new/priority_encoder64.sv">
      <FileInfo>
        <Attr Name="AutoDisabled" Val="1"/>
        <Attr Name="ImportPath" Val="$PPRDIR/../TDC_V2.0/TDC_V2.0.srcs/sources_1/new/priority_encoder64.sv"/>
        <Attr Name="ImportTime" Val="1655108600"/>
        <Attr Name="UsedIn" Val="synthesis"/>
        <Attr Name="UsedIn" Val="implementation"/>
        <Attr Name="UsedIn" Val="simulation"/>
      </FileInfo>
    </File>
    <File Path="$PSRCDIR/sources_1/new/priority_encoder8.sv">
      <FileInfo>
        <Attr Name="AutoDisabled" Val="1"/>
        <Attr Name="ImportPath" Val="$PPRDIR/../TDC_V2.0/TDC_V2.0.srcs/sources_1/new/priority_encoder8.sv"/>
        <Attr Name="ImportTime" Val="1655108680"/>
        <Attr Name="UsedIn" Val="synthesis"/>
        <Attr Name="UsedIn" Val="implementation"/>
        <Attr Name="UsedIn" Val="simulation"/>
      </FileInfo>
    </File>
    <File Path="$PSRCDIR/sources_1/new/encoder64_block.sv">
      <FileInfo>
        <Attr Name="AutoDisabled" Val="1"/>
        <Attr Name="ImportPath" Val="$PPRDIR/../TDC_V2.0/TDC_V2.0.srcs/sources_1/new/encoder64_block.sv"/>
        <Attr Name="ImportTime" Val="1655108242"/>
        <Attr Name="UsedIn" Val="synthesis"/>
        <Attr Name="UsedIn" Val="implementation"/>
        <Attr Name="UsedIn" Val="simulation"/>
      </FileInfo>
    </File>
    <File Path="$PSRCDIR/sources_1/new/LTC2664.v">
      <FileInfo>
        <Attr Name="AutoDisabled" Val="1"/>
        <Attr Name="ImportPath" Val="$PPRDIR/../TDC_V2.0/TDC_V2.0.srcs/sources_1/new/LTC2664.v"/>
        <Attr Name="ImportTime" Val="1655107622"/>
        <Attr Name="UsedIn" Val="synthesis"/>
        <Attr Name="UsedIn" Val="implementation"/>
        <Attr Name="UsedIn" Val="simulation"/>
      </FileInfo>
    </File>
    <File Path="$PSRCDIR/sources_1/new/and_trigger_module.sv">
      <FileInfo>
        <Attr Name="AutoDisabled" Val="1"/>
        <Attr Name="ImportPath" Val="$PPRDIR/../TDC_V2.0/TDC_V2.0.srcs/sources_1/new/and_trigger_module.sv"/>
        <Attr Name="ImportTime" Val="1655109251"/>
        <Attr Name="UsedIn" Val="synthesis"/>
        <Attr Name="UsedIn" Val="implementation"/>
        <Attr Name="UsedIn" Val="simulation"/>
      </FileInfo>
    </File>
    <File Path="$PSRCDIR/sources_1/new/encoder_latch_block.sv">
      <FileInfo>
        <Attr Name="AutoDisabled" Val="1"/>
        <Attr Name="ImportPath" Val="$PPRDIR/../TDC_V2.0/TDC_V2.0.srcs/sources_1/new/encoder_latch_block.sv"/>
        <Attr Name="ImportTime" Val="1655108119"/>
        <Attr Name="UsedIn" Val="synthesis"/>
        <Attr Name="UsedIn" Val="implementation"/>
        <Attr Name="UsedIn" Val="simulation"/>
      </FileInfo>
    </File>
    <File Path="$PSRCDIR/sources_1/new/encoder_latch_n.sv">
      <FileInfo>
        <Attr Name="AutoDisabled" Val="1"/>
        <Attr Name="ImportPath" Val="$PPRDIR/../TDC_V2.0/TDC_V2.0.srcs/sources_1/new/encoder_latch_n.sv"/>
        <Attr Name="ImportTime" Val="1655108799"/>
        <Attr Name="UsedIn" Val="synthesis"/>
        <Attr Name="UsedIn" Val="implementation"/>
        <Attr Name="UsedIn" Val="simulation"/>
      </FileInfo>
    </File>
    <File Path="$PSRCDIR/sources_1/new/encoder_latch_n1.sv">
      <FileInfo>
        <Attr Name="AutoDisabled" Val="1"/>
        <Attr Name="ImportPath" Val="$PPRDIR/../TDC_V2.0/TDC_V2.0.srcs/sources_1/new/encoder_latch_n1.sv"/>
        <Attr Name="ImportTime" Val="1655108823"/>
        <Attr Name="UsedIn" Val="synthesis"/>
        <Attr Name="UsedIn" Val="implementation"/>
        <Attr Name="UsedIn" Val="simulation"/>
      </FileInfo>
    </File>
    <File Path="$PSRCDIR/sources_1/new/encoder_latch_p.sv">
      <FileInfo>
        <Attr Name="AutoDisabled" Val="1"/>
        <Attr Name="ImportPath" Val="$PPRDIR/../TDC_V2.0/TDC_V2.0.srcs/sources_1/new/encoder_latch_p.sv"/>
        <Attr Name="ImportTime" Val="1655108844"/>
        <Attr Name="UsedIn" Val="synthesis"/>
        <Attr Name="UsedIn" Val="implementation"/>
        <Attr Name="UsedIn" Val="simulation"/>
      </FileInfo>
    </File>
    <File Path="$PSRCDIR/sources_1/new/mvt_event_filter.sv">
      <FileInfo>
        <Attr Name="AutoDisabled" Val="1"/>
        <Attr Name="ImportPath" Val="$PPRDIR/../TDC_V2.0/TDC_V2.0.srcs/sources_1/new/mvt_event_filter.sv"/>
        <Attr Name="ImportTime" Val="1655108144"/>
        <Attr Name="UsedIn" Val="synthesis"/>
        <Attr Name="UsedIn" Val="implementation"/>
        <Attr Name="UsedIn" Val="simulation"/>
      </FileInfo>
    </File>
    <File Path="$PSRCDIR/sources_1/new/mvt_filter_multi.sv">
      <FileInfo>
        <Attr Name="AutoDisabled" Val="1"/>
        <Attr Name="ImportPath" Val="$PPRDIR/../TDC_V2.0/TDC_V2.0.srcs/sources_1/new/mvt_filter_multi.sv"/>
        <Attr Name="ImportTime" Val="1655108985"/>
        <Attr Name="UsedIn" Val="synthesis"/>
        <Attr Name="UsedIn" Val="implementation"/>
        <Attr Name="UsedIn" Val="simulation"/>
      </FileInfo>
    </File>
    <File Path="$PSRCDIR/sources_1/new/mvt_filter_threshold_1.sv">
      <FileInfo>
        <Attr Name="AutoDisabled" Val="1"/>
        <Attr Name="ImportPath" Val="$PPRDIR/../TDC_V2.0/TDC_V2.0.srcs/sources_1/new/mvt_filter_threshold_1.sv"/>
        <Attr Name="ImportTime" Val="1655202983"/>
        <Attr Name="UsedIn" Val="synthesis"/>
        <Attr Name="UsedIn" Val="implementation"/>
        <Attr Name="UsedIn" Val="simulation"/>
      </FileInfo>
    </File>
    <File Path="$PSRCDIR/sources_1/new/mvt_filter_threshold_2.sv">
      <FileInfo>
        <Attr Name="AutoDisabled" Val="1"/>
        <Attr Name="ImportPath" Val="$PPRDIR/../TDC_V2.0/TDC_V2.0.srcs/sources_1/new/mvt_filter_threshold_2.sv"/>
        <Attr Name="ImportTime" Val="1655202998"/>
        <Attr Name="UsedIn" Val="synthesis"/>
        <Attr Name="UsedIn" Val="implementation"/>
        <Attr Name="UsedIn" Val="simulation"/>
      </FileInfo>
    </File>
    <File Path="$PSRCDIR/sources_1/new/mvt_latch_n.sv">
      <FileInfo>
        <Attr Name="AutoDisabled" Val="1"/>
        <Attr Name="ImportPath" Val="$PPRDIR/../TDC_V2.0/TDC_V2.0.srcs/sources_1/new/mvt_latch_n.sv"/>
        <Attr Name="ImportTime" Val="1655109208"/>
        <Attr Name="UsedIn" Val="synthesis"/>
        <Attr Name="UsedIn" Val="implementation"/>
        <Attr Name="UsedIn" Val="simulation"/>
      </FileInfo>
    </File>
    <File Path="$PSRCDIR/sources_1/new/mvt_latch_n_block.sv">
      <FileInfo>
        <Attr Name="AutoDisabled" Val="1"/>
        <Attr Name="ImportPath" Val="$PPRDIR/../TDC_V2.0/TDC_V2.0.srcs/sources_1/new/mvt_latch_n_block.sv"/>
        <Attr Name="ImportTime" Val="1655109106"/>
        <Attr Name="UsedIn" Val="synthesis"/>
        <Attr Name="UsedIn" Val="implementation"/>
        <Attr Name="UsedIn" Val="simulation"/>
      </FileInfo>
    </File>
    <File Path="$PSRCDIR/sources_1/new/mvt_latch_p.sv">
      <FileInfo>
        <Attr Name="AutoDisabled" Val="1"/>
        <Attr Name="ImportPath" Val="$PPRDIR/../TDC_V2.0/TDC_V2.0.srcs/sources_1/new/mvt_latch_p.sv"/>
        <Attr Name="ImportTime" Val="1655109262"/>
        <Attr Name="UsedIn" Val="synthesis"/>
        <Attr Name="UsedIn" Val="implementation"/>
        <Attr Name="UsedIn" Val="simulation"/>
      </FileInfo>
    </File>
    <File Path="$PSRCDIR/sources_1/new/mvt_latch_p_block.sv">
      <FileInfo>
        <Attr Name="AutoDisabled" Val="1"/>
        <Attr Name="ImportPath" Val="$PPRDIR/../TDC_V2.0/TDC_V2.0.srcs/sources_1/new/mvt_latch_p_block.sv"/>
        <Attr Name="ImportTime" Val="1655109090"/>
        <Attr Name="UsedIn" Val="synthesis"/>
        <Attr Name="UsedIn" Val="implementation"/>
        <Attr Name="UsedIn" Val="simulation"/>
      </FileInfo>
    </File>
    <File Path="$PSRCDIR/sources_1/new/mvt_threshold_judge_block.sv">
      <FileInfo>
        <Attr Name="AutoDisabled" Val="1"/>
        <Attr Name="ImportPath" Val="$PPRDIR/../TDC_V2.0/TDC_V2.0.srcs/sources_1/new/mvt_threshold_judge_block.sv"/>
        <Attr Name="ImportTime" Val="1655122751"/>
        <Attr Name="UsedIn" Val="synthesis"/>
        <Attr Name="UsedIn" Val="implementation"/>
        <Attr Name="UsedIn" Val="simulation"/>
      </FileInfo>
    </File>
    <Config>
      <Option Name="DesignMode" Val="RTL"/>
      <Option Name="TopModule" Val="MVT"/>
    </Config>
  </FileSet>
  <FileSet Name="constrs_in" Type="Constrs" RelSrcDir="$PSRCDIR/constrs_1">
    <Filter Type="Constrs"/>
    <File Path="$PSRCDIR/constrs_1/new/mvt.xdc">
      <FileInfo>
        <Attr Name="ImportPath" Val="$PPRDIR/../TDC_V2.0/TDC_V2.0.srcs/constrs_1/new/mvt.xdc"/>
        <Attr Name="ImportTime" Val="1655208088"/>
        <Attr Name="UsedIn" Val="synthesis"/>
        <Attr Name="UsedIn" Val="implementation"/>
      </FileInfo>
    </File>
    <Config>
      <Option Name="TargetConstrsFile" Val="$PSRCDIR/constrs_1/new/mvt.xdc"/>
      <Option Name="ConstrsType" Val="XDC"/>
    </Config>
  </FileSet>
  <FileSet Name="utils" Type="Utils" RelSrcDir="$PSRCDIR/utils_1">
    <Filter Type="Utils"/>
    <Config>
      <Option Name="TopAutoSet" Val="TRUE"/>
    </Config>
  </FileSet>
  <Strategy Version="1" Minor="2">
    <StratHandle Name="Vivado Synthesis Defaults" Flow="Vivado Synthesis 2019"/>
    <Step Id="synth_design"/>
  </Strategy>
  <BlockFileSet Type="BlockSrcs" Name="design_1_zynq_ultra_ps_e_0_0"/>
  <BlockFileSet Type="BlockSrcs" Name="clk_wiz_0"/>
  <BlockFileSet Type="BlockSrcs" Name="fifo_generator_0"/>
</GenRun>
