<?xml version="1.0" encoding="UTF-8"?>
<GenRun Id="impl_1" LaunchPart="xczu7ev-ffvc1156-2-e" LaunchTime="1661858170">
  <File Type="BITSTR-BMM" Name="MVT_bd.bmm"/>
  <File Type="OPT-METHODOLOGY-DRC" Name="MVT_methodology_drc_opted.rpt"/>
  <File Type="INIT-TIMING" Name="MVT_timing_summary_init.rpt"/>
  <File Type="ROUTE-PWR" Name="MVT_power_routed.rpt"/>
  <File Type="PA-TCL" Name="MVT.tcl"/>
  <File Type="OPT-TIMING" Name="MVT_timing_summary_opted.rpt"/>
  <File Type="OPT-DCP" Name="MVT_opt.dcp"/>
  <File Type="ROUTE-PWR-SUM" Name="MVT_power_summary_routed.pb"/>
  <File Type="REPORTS-TCL" Name="MVT_reports.tcl"/>
  <File Type="OPT-DRC" Name="MVT_drc_opted.rpt"/>
  <File Type="OPT-HWDEF" Name="MVT.hwdef"/>
  <File Type="PWROPT-DCP" Name="MVT_pwropt.dcp"/>
  <File Type="PWROPT-DRC" Name="MVT_drc_pwropted.rpt"/>
  <File Type="PWROPT-TIMING" Name="MVT_timing_summary_pwropted.rpt"/>
  <File Type="PLACE-DCP" Name="MVT_placed.dcp"/>
  <File Type="PLACE-IO" Name="MVT_io_placed.rpt"/>
  <File Type="PLACE-CLK" Name="MVT_clock_utilization_placed.rpt"/>
  <File Type="PLACE-UTIL" Name="MVT_utilization_placed.rpt"/>
  <File Type="PLACE-UTIL-PB" Name="MVT_utilization_placed.pb"/>
  <File Type="PLACE-CTRL" Name="MVT_control_sets_placed.rpt"/>
  <File Type="PLACE-SIMILARITY" Name="MVT_incremental_reuse_placed.rpt"/>
  <File Type="PLACE-PRE-SIMILARITY" Name="MVT_incremental_reuse_pre_placed.rpt"/>
  <File Type="BG-BGN" Name="MVT.bgn"/>
  <File Type="PLACE-TIMING" Name="MVT_timing_summary_placed.rpt"/>
  <File Type="POSTPLACE-PWROPT-DCP" Name="MVT_postplace_pwropt.dcp"/>
  <File Type="BG-BIN" Name="MVT.bin"/>
  <File Type="POSTPLACE-PWROPT-TIMING" Name="MVT_timing_summary_postplace_pwropted.rpt"/>
  <File Type="PHYSOPT-DCP" Name="MVT_physopt.dcp"/>
  <File Type="PHYSOPT-DRC" Name="MVT_drc_physopted.rpt"/>
  <File Type="BITSTR-MSK" Name="MVT.msk"/>
  <File Type="PHYSOPT-TIMING" Name="MVT_timing_summary_physopted.rpt"/>
  <File Type="ROUTE-ERROR-DCP" Name="MVT_routed_error.dcp"/>
  <File Type="ROUTE-DCP" Name="MVT_routed.dcp"/>
  <File Type="ROUTE-BLACKBOX-DCP" Name="MVT_routed_bb.dcp"/>
  <File Type="ROUTE-DRC" Name="MVT_drc_routed.rpt"/>
  <File Type="ROUTE-DRC-PB" Name="MVT_drc_routed.pb"/>
  <File Type="BITSTR-LTX" Name="debug_nets.ltx"/>
  <File Type="BITSTR-LTX" Name="MVT.ltx"/>
  <File Type="ROUTE-DRC-RPX" Name="MVT_drc_routed.rpx"/>
  <File Type="BITSTR-MMI" Name="MVT.mmi"/>
  <File Type="ROUTE-METHODOLOGY-DRC" Name="MVT_methodology_drc_routed.rpt"/>
  <File Type="ROUTE-METHODOLOGY-DRC-RPX" Name="MVT_methodology_drc_routed.rpx"/>
  <File Type="BITSTR-SYSDEF" Name="MVT.sysdef"/>
  <File Type="ROUTE-METHODOLOGY-DRC-PB" Name="MVT_methodology_drc_routed.pb"/>
  <File Type="ROUTE-PWR-RPX" Name="MVT_power_routed.rpx"/>
  <File Type="ROUTE-STATUS" Name="MVT_route_status.rpt"/>
  <File Type="ROUTE-STATUS-PB" Name="MVT_route_status.pb"/>
  <File Type="ROUTE-TIMINGSUMMARY" Name="MVT_timing_summary_routed.rpt"/>
  <File Type="ROUTE-TIMING-PB" Name="MVT_timing_summary_routed.pb"/>
  <File Type="ROUTE-TIMING-RPX" Name="MVT_timing_summary_routed.rpx"/>
  <File Type="ROUTE-SIMILARITY" Name="MVT_incremental_reuse_routed.rpt"/>
  <File Type="ROUTE-CLK" Name="MVT_clock_utilization_routed.rpt"/>
  <File Type="ROUTE-BUS-SKEW" Name="MVT_bus_skew_routed.rpt"/>
  <File Type="ROUTE-BUS-SKEW-PB" Name="MVT_bus_skew_routed.pb"/>
  <File Type="ROUTE-BUS-SKEW-RPX" Name="MVT_bus_skew_routed.rpx"/>
  <File Type="POSTROUTE-PHYSOPT-DCP" Name="MVT_postroute_physopt.dcp"/>
  <File Type="POSTROUTE-PHYSOPT-BLACKBOX-DCP" Name="MVT_postroute_physopt_bb.dcp"/>
  <File Type="POSTROUTE-PHYSOPT-TIMING" Name="MVT_timing_summary_postroute_physopted.rpt"/>
  <File Type="POSTROUTE-PHYSOPT-TIMING-PB" Name="MVT_timing_summary_postroute_physopted.pb"/>
  <File Type="POSTROUTE-PHYSOPT-TIMING-RPX" Name="MVT_timing_summary_postroute_physopted.rpx"/>
  <File Type="POSTROUTE-PHYSOPT-BUS-SKEW" Name="MVT_bus_skew_postroute_physopted.rpt"/>
  <File Type="POSTROUTE-PHYSOPT-BUS-SKEW-PB" Name="MVT_bus_skew_postroute_physopted.pb"/>
  <File Type="BG-BIT" Name="MVT.bit"/>
  <File Type="POSTROUTE-PHYSOPT-BUS-SKEW-RPX" Name="MVT_bus_skew_postroute_physopted.rpx"/>
  <File Type="BITSTR-RBT" Name="MVT.rbt"/>
  <File Type="BITSTR-NKY" Name="MVT.nky"/>
  <File Type="BG-DRC" Name="MVT.drc"/>
  <File Type="RDI-RDI" Name="MVT.vdi"/>
  <File Type="WBT-USG" Name="usage_statistics_webtalk.html"/>
  <FileSet Name="sources" Type="DesignSrcs" RelSrcDir="$PSRCDIR/sources_1">
    <Filter Type="Srcs"/>
    <File Path="$PSRCDIR/sources_1/bd/design_1/design_1.bd">
      <FileInfo>
        <Attr Name="ImportPath" Val="$PPRDIR/../TDC_V2.0/TDC_V2.0.srcs/sources_1/bd/design_1/design_1.bd"/>
        <Attr Name="ImportTime" Val="1655273760"/>
        <Attr Name="UsedIn" Val="synthesis"/>
        <Attr Name="UsedIn" Val="implementation"/>
        <Attr Name="UsedIn" Val="simulation"/>
      </FileInfo>
    </File>
    <File Path="$PSRCDIR/sources_1/new/BPS_TIMER.v">
      <FileInfo>
        <Attr Name="ImportPath" Val="$PPRDIR/../TDC_V2.0/TDC_V2.0.srcs/sources_1/new/BPS_TIMER.v"/>
        <Attr Name="ImportTime" Val="1655109608"/>
        <Attr Name="UsedIn" Val="synthesis"/>
        <Attr Name="UsedIn" Val="implementation"/>
        <Attr Name="UsedIn" Val="simulation"/>
      </FileInfo>
    </File>
    <File Path="$PSRCDIR/sources_1/new/all_delay_module.v">
      <FileInfo>
        <Attr Name="UsedIn" Val="synthesis"/>
        <Attr Name="UsedIn" Val="implementation"/>
        <Attr Name="UsedIn" Val="simulation"/>
      </FileInfo>
    </File>
    <File Path="$PSRCDIR/sources_1/new/clock_control_block.v">
      <FileInfo>
        <Attr Name="ImportPath" Val="$PPRDIR/../TDC_V2.0/TDC_V2.0.srcs/sources_1/new/clock_control_block.v"/>
        <Attr Name="ImportTime" Val="1655107385"/>
        <Attr Name="UsedIn" Val="synthesis"/>
        <Attr Name="UsedIn" Val="implementation"/>
        <Attr Name="UsedIn" Val="simulation"/>
      </FileInfo>
    </File>
    <File Path="$PSRCDIR/sources_1/new/coarsecounter_module.v">
      <FileInfo>
        <Attr Name="ImportPath" Val="$PPRDIR/../ramp_adc_detector/ramp_adc_detector.srcs/sources_1/new/coarsecounter_module.v"/>
        <Attr Name="ImportTime" Val="1655797190"/>
        <Attr Name="UsedIn" Val="synthesis"/>
        <Attr Name="UsedIn" Val="implementation"/>
        <Attr Name="UsedIn" Val="simulation"/>
      </FileInfo>
    </File>
    <File Path="$PSRCDIR/sources_1/new/delay.v">
      <FileInfo>
        <Attr Name="ImportPath" Val="$PPRDIR/../TDC_V2.0/TDC_V2.0.srcs/sources_1/new/delay.v"/>
        <Attr Name="ImportTime" Val="1655108221"/>
        <Attr Name="UsedIn" Val="synthesis"/>
        <Attr Name="UsedIn" Val="implementation"/>
        <Attr Name="UsedIn" Val="simulation"/>
      </FileInfo>
    </File>
    <File Path="$PSRCDIR/sources_1/new/delay_head.v">
      <FileInfo>
        <Attr Name="ImportPath" Val="$PPRDIR/../TDC_V3.0/TDC_V3.0.srcs/sources_1/new/delay_head.v"/>
        <Attr Name="ImportTime" Val="1655356868"/>
        <Attr Name="UsedIn" Val="synthesis"/>
        <Attr Name="UsedIn" Val="implementation"/>
        <Attr Name="UsedIn" Val="simulation"/>
      </FileInfo>
    </File>
    <File Path="$PSRCDIR/sources_1/new/delay_module.v">
      <FileInfo>
        <Attr Name="ImportPath" Val="$PPRDIR/../ramp_adc_detector_v3.0/ramp_adc_detector_v3.0.srcs/sources_1/new/delay_module.v"/>
        <Attr Name="ImportTime" Val="1656564859"/>
        <Attr Name="UsedIn" Val="synthesis"/>
        <Attr Name="UsedIn" Val="implementation"/>
        <Attr Name="UsedIn" Val="simulation"/>
      </FileInfo>
    </File>
    <File Path="$PSRCDIR/sources_1/bd/design_1/hdl/design_1_wrapper.v">
      <FileInfo>
        <Attr Name="ImportPath" Val="$PPRDIR/../TDC_V2.0/TDC_V2.0.srcs/sources_1/bd/design_1/hdl/design_1_wrapper.v"/>
        <Attr Name="ImportTime" Val="1655273780"/>
        <Attr Name="UsedIn" Val="synthesis"/>
        <Attr Name="UsedIn" Val="implementation"/>
        <Attr Name="UsedIn" Val="simulation"/>
      </FileInfo>
    </File>
    <File Path="$PSRCDIR/sources_1/new/discharge_module.v">
      <FileInfo>
        <Attr Name="ImportPath" Val="$PPRDIR/../ramp_adc_detector/ramp_adc_detector.srcs/sources_1/new/discharge_module.v"/>
        <Attr Name="ImportTime" Val="1655862116"/>
        <Attr Name="UsedIn" Val="synthesis"/>
        <Attr Name="UsedIn" Val="implementation"/>
        <Attr Name="UsedIn" Val="simulation"/>
      </FileInfo>
    </File>
    <File Path="$PSRCDIR/sources_1/new/fen_pin.v">
      <FileInfo>
        <Attr Name="ImportPath" Val="$PPRDIR/../ramp_adc_detector/ramp_adc_detector.srcs/sources_1/new/fen_pin.v"/>
        <Attr Name="ImportTime" Val="1655862248"/>
        <Attr Name="UsedIn" Val="synthesis"/>
        <Attr Name="UsedIn" Val="implementation"/>
        <Attr Name="UsedIn" Val="simulation"/>
      </FileInfo>
    </File>
    <File Path="$PSRCDIR/sources_1/new/load_module.v">
      <FileInfo>
        <Attr Name="ImportPath" Val="$PPRDIR/../ramp_adc_detector/ramp_adc_detector.srcs/sources_1/new/load_module.v"/>
        <Attr Name="ImportTime" Val="1655728999"/>
        <Attr Name="UsedIn" Val="synthesis"/>
        <Attr Name="UsedIn" Val="implementation"/>
        <Attr Name="UsedIn" Val="simulation"/>
      </FileInfo>
    </File>
    <File Path="$PSRCDIR/sources_1/new/lvds.v">
      <FileInfo>
        <Attr Name="ImportPath" Val="$PPRDIR/../TDC_V2.0/TDC_V2.0.srcs/sources_1/new/lvds.v"/>
        <Attr Name="ImportTime" Val="1655107428"/>
        <Attr Name="UsedIn" Val="synthesis"/>
        <Attr Name="UsedIn" Val="implementation"/>
        <Attr Name="UsedIn" Val="simulation"/>
      </FileInfo>
    </File>
    <File Path="$PSRCDIR/sources_1/new/lvds_input_block.v">
      <FileInfo>
        <Attr Name="ImportPath" Val="$PPRDIR/../TDC_V2.0/TDC_V2.0.srcs/sources_1/new/lvds_input_block.v"/>
        <Attr Name="ImportTime" Val="1655107402"/>
        <Attr Name="UsedIn" Val="synthesis"/>
        <Attr Name="UsedIn" Val="implementation"/>
        <Attr Name="UsedIn" Val="simulation"/>
      </FileInfo>
    </File>
    <File Path="$PSRCDIR/sources_1/new/peak_hold.v">
      <FileInfo>
        <Attr Name="ImportPath" Val="$PPRDIR/../ramp_adc_detector/ramp_adc_detector.srcs/sources_1/new/peak_hold.v"/>
        <Attr Name="ImportTime" Val="1655862173"/>
        <Attr Name="UsedIn" Val="synthesis"/>
        <Attr Name="UsedIn" Val="implementation"/>
        <Attr Name="UsedIn" Val="simulation"/>
      </FileInfo>
    </File>
    <File Path="$PSRCDIR/sources_1/new/ramp_adc.v">
      <FileInfo>
        <Attr Name="ImportPath" Val="$PPRDIR/../ramp_adc_detector/ramp_adc_detector.srcs/sources_1/new/ramp_adc.v"/>
        <Attr Name="ImportTime" Val="1655862213"/>
        <Attr Name="UsedIn" Val="synthesis"/>
        <Attr Name="UsedIn" Val="implementation"/>
        <Attr Name="UsedIn" Val="simulation"/>
      </FileInfo>
    </File>
    <File Path="$PSRCDIR/sources_1/new/ramp_module.v">
      <FileInfo>
        <Attr Name="ImportPath" Val="$PPRDIR/../ramp_adc_detector/ramp_adc_detector.srcs/sources_1/new/ramp_module.v"/>
        <Attr Name="ImportTime" Val="1655725387"/>
        <Attr Name="UsedIn" Val="synthesis"/>
        <Attr Name="UsedIn" Val="implementation"/>
        <Attr Name="UsedIn" Val="simulation"/>
      </FileInfo>
    </File>
    <File Path="$PSRCDIR/sources_1/new/reset_control_block.v">
      <FileInfo>
        <Attr Name="ImportPath" Val="$PPRDIR/../TDC_V2.0/TDC_V2.0.srcs/sources_1/new/reset_control_block.v"/>
        <Attr Name="ImportTime" Val="1655107646"/>
        <Attr Name="UsedIn" Val="synthesis"/>
        <Attr Name="UsedIn" Val="implementation"/>
        <Attr Name="UsedIn" Val="simulation"/>
      </FileInfo>
    </File>
    <File Path="$PSRCDIR/sources_1/new/signal_select_module.v">
      <FileInfo>
        <Attr Name="UsedIn" Val="synthesis"/>
        <Attr Name="UsedIn" Val="implementation"/>
        <Attr Name="UsedIn" Val="simulation"/>
      </FileInfo>
    </File>
    <File Path="$PSRCDIR/sources_1/new/uart_tx.v">
      <FileInfo>
        <Attr Name="ImportPath" Val="$PPRDIR/../TDC_V2.0/TDC_V2.0.srcs/sources_1/new/uart_tx.v"/>
        <Attr Name="ImportTime" Val="1655109585"/>
        <Attr Name="UsedIn" Val="synthesis"/>
        <Attr Name="UsedIn" Val="implementation"/>
        <Attr Name="UsedIn" Val="simulation"/>
      </FileInfo>
    </File>
    <File Path="$PSRCDIR/sources_1/new/TDC.sv">
      <FileInfo>
        <Attr Name="ImportPath" Val="$PPRDIR/../TDC_V2.0/TDC_V2.0.srcs/sources_1/new/TDC.sv"/>
        <Attr Name="ImportTime" Val="1655108175"/>
        <Attr Name="UsedIn" Val="synthesis"/>
        <Attr Name="UsedIn" Val="implementation"/>
        <Attr Name="UsedIn" Val="simulation"/>
      </FileInfo>
    </File>
    <File Path="$PSRCDIR/sources_1/new/Uart_top.sv">
      <FileInfo>
        <Attr Name="ImportPath" Val="$PPRDIR/../TDC_V2.0/TDC_V2.0.srcs/sources_1/new/Uart_top.sv"/>
        <Attr Name="ImportTime" Val="1655109527"/>
        <Attr Name="UsedIn" Val="synthesis"/>
        <Attr Name="UsedIn" Val="implementation"/>
        <Attr Name="UsedIn" Val="simulation"/>
      </FileInfo>
    </File>
    <File Path="$PSRCDIR/sources_1/new/carrychain_block.sv">
      <FileInfo>
        <Attr Name="ImportPath" Val="$PPRDIR/../TDC_V2.0/TDC_V2.0.srcs/sources_1/new/carrychain_block.sv"/>
        <Attr Name="ImportTime" Val="1655206741"/>
        <Attr Name="UsedIn" Val="synthesis"/>
        <Attr Name="UsedIn" Val="implementation"/>
        <Attr Name="UsedIn" Val="simulation"/>
      </FileInfo>
    </File>
    <File Path="$PSRCDIR/sources_1/new/mvt_control_block.sv">
      <FileInfo>
        <Attr Name="ImportPath" Val="$PPRDIR/../TDC_V2.0/TDC_V2.0.srcs/sources_1/new/mvt_control_block.sv"/>
        <Attr Name="ImportTime" Val="1655107673"/>
        <Attr Name="UsedIn" Val="synthesis"/>
        <Attr Name="UsedIn" Val="implementation"/>
        <Attr Name="UsedIn" Val="simulation"/>
      </FileInfo>
    </File>
    <File Path="$PSRCDIR/sources_1/new/mvt_process.sv">
      <FileInfo>
        <Attr Name="ImportPath" Val="$PPRDIR/../TDC_V2.0/TDC_V2.0.srcs/sources_1/new/mvt_process.sv"/>
        <Attr Name="ImportTime" Val="1655122775"/>
        <Attr Name="UsedIn" Val="synthesis"/>
        <Attr Name="UsedIn" Val="implementation"/>
        <Attr Name="UsedIn" Val="simulation"/>
      </FileInfo>
    </File>
    <File Path="$PSRCDIR/sources_1/new/serial_trans.sv">
      <FileInfo>
        <Attr Name="ImportPath" Val="$PPRDIR/../TDC_V2.0/TDC_V2.0.srcs/sources_1/new/serial_trans.sv"/>
        <Attr Name="ImportTime" Val="1655109507"/>
        <Attr Name="UsedIn" Val="synthesis"/>
        <Attr Name="UsedIn" Val="implementation"/>
        <Attr Name="UsedIn" Val="simulation"/>
      </FileInfo>
    </File>
    <File Path="$PSRCDIR/sources_1/new/serial_trans_block.sv">
      <FileInfo>
        <Attr Name="ImportPath" Val="$PPRDIR/../TDC_V2.0/TDC_V2.0.srcs/sources_1/new/serial_trans_block.sv"/>
        <Attr Name="ImportTime" Val="1655125202"/>
        <Attr Name="UsedIn" Val="synthesis"/>
        <Attr Name="UsedIn" Val="implementation"/>
        <Attr Name="UsedIn" Val="simulation"/>
      </FileInfo>
    </File>
    <File Path="$PSRCDIR/sources_1/new/temp_dataout.sv">
      <FileInfo>
        <Attr Name="ImportPath" Val="$PPRDIR/../TDC_V2.0/TDC_V2.0.srcs/sources_1/new/temp_dataout.sv"/>
        <Attr Name="ImportTime" Val="1655288289"/>
        <Attr Name="UsedIn" Val="synthesis"/>
        <Attr Name="UsedIn" Val="implementation"/>
        <Attr Name="UsedIn" Val="simulation"/>
      </FileInfo>
    </File>
    <File Path="$PSRCDIR/sources_1/new/MVT.sv">
      <FileInfo>
        <Attr Name="ImportPath" Val="$PPRDIR/../TDC_V2.0/TDC_V2.0.srcs/sources_1/new/MVT.sv"/>
        <Attr Name="ImportTime" Val="1655273863"/>
        <Attr Name="UsedIn" Val="synthesis"/>
        <Attr Name="UsedIn" Val="implementation"/>
        <Attr Name="UsedIn" Val="simulation"/>
      </FileInfo>
    </File>
    <File Path="$PSRCDIR/sources_1/new/ramp_adc_test.v">
      <FileInfo>
        <Attr Name="AutoDisabled" Val="1"/>
        <Attr Name="UsedIn" Val="synthesis"/>
        <Attr Name="UsedIn" Val="implementation"/>
        <Attr Name="UsedIn" Val="simulation"/>
      </FileInfo>
    </File>
    <File Path="$PSRCDIR/sources_1/new/ramp_adc_test_fenpin.v">
      <FileInfo>
        <Attr Name="AutoDisabled" Val="1"/>
        <Attr Name="UsedIn" Val="synthesis"/>
        <Attr Name="UsedIn" Val="implementation"/>
        <Attr Name="UsedIn" Val="simulation"/>
      </FileInfo>
    </File>
    <File Path="$PSRCDIR/sources_1/new/priority_encoder128.sv">
      <FileInfo>
        <Attr Name="AutoDisabled" Val="1"/>
        <Attr Name="ImportPath" Val="$PPRDIR/../TDC_V2.0/TDC_V2.0.srcs/sources_1/new/priority_encoder128.sv"/>
        <Attr Name="ImportTime" Val="1655108576"/>
        <Attr Name="UsedIn" Val="synthesis"/>
        <Attr Name="UsedIn" Val="implementation"/>
        <Attr Name="UsedIn" Val="simulation"/>
      </FileInfo>
    </File>
    <File Path="$PSRCDIR/sources_1/new/priority_encoder16.sv">
      <FileInfo>
        <Attr Name="AutoDisabled" Val="1"/>
        <Attr Name="ImportPath" Val="$PPRDIR/../TDC_V2.0/TDC_V2.0.srcs/sources_1/new/priority_encoder16.sv"/>
        <Attr Name="ImportTime" Val="1655108652"/>
        <Attr Name="UsedIn" Val="synthesis"/>
        <Attr Name="UsedIn" Val="implementation"/>
        <Attr Name="UsedIn" Val="simulation"/>
      </FileInfo>
    </File>
    <File Path="$PSRCDIR/sources_1/new/priority_encoder32.sv">
      <FileInfo>
        <Attr Name="AutoDisabled" Val="1"/>
        <Attr Name="ImportPath" Val="$PPRDIR/../TDC_V2.0/TDC_V2.0.srcs/sources_1/new/priority_encoder32.sv"/>
        <Attr Name="ImportTime" Val="1655108625"/>
        <Attr Name="UsedIn" Val="synthesis"/>
        <Attr Name="UsedIn" Val="implementation"/>
        <Attr Name="UsedIn" Val="simulation"/>
      </FileInfo>
    </File>
    <File Path="$PSRCDIR/sources_1/new/priority_encoder64.sv">
      <FileInfo>
        <Attr Name="AutoDisabled" Val="1"/>
        <Attr Name="ImportPath" Val="$PPRDIR/../TDC_V2.0/TDC_V2.0.srcs/sources_1/new/priority_encoder64.sv"/>
        <Attr Name="ImportTime" Val="1655108600"/>
        <Attr Name="UsedIn" Val="synthesis"/>
        <Attr Name="UsedIn" Val="implementation"/>
        <Attr Name="UsedIn" Val="simulation"/>
      </FileInfo>
    </File>
    <File Path="$PSRCDIR/sources_1/new/priority_encoder8.sv">
      <FileInfo>
        <Attr Name="AutoDisabled" Val="1"/>
        <Attr Name="ImportPath" Val="$PPRDIR/../TDC_V2.0/TDC_V2.0.srcs/sources_1/new/priority_encoder8.sv"/>
        <Attr Name="ImportTime" Val="1655108680"/>
        <Attr Name="UsedIn" Val="synthesis"/>
        <Attr Name="UsedIn" Val="implementation"/>
        <Attr Name="UsedIn" Val="simulation"/>
      </FileInfo>
    </File>
    <File Path="$PSRCDIR/sources_1/new/encoder64_block.sv">
      <FileInfo>
        <Attr Name="AutoDisabled" Val="1"/>
        <Attr Name="ImportPath" Val="$PPRDIR/../TDC_V2.0/TDC_V2.0.srcs/sources_1/new/encoder64_block.sv"/>
        <Attr Name="ImportTime" Val="1655108242"/>
        <Attr Name="UsedIn" Val="synthesis"/>
        <Attr Name="UsedIn" Val="implementation"/>
        <Attr Name="UsedIn" Val="simulation"/>
      </FileInfo>
    </File>
    <File Path="$PSRCDIR/sources_1/new/LTC2664.v">
      <FileInfo>
        <Attr Name="AutoDisabled" Val="1"/>
        <Attr Name="ImportPath" Val="$PPRDIR/../TDC_V2.0/TDC_V2.0.srcs/sources_1/new/LTC2664.v"/>
        <Attr Name="ImportTime" Val="1655107622"/>
        <Attr Name="UsedIn" Val="synthesis"/>
        <Attr Name="UsedIn" Val="implementation"/>
        <Attr Name="UsedIn" Val="simulation"/>
      </FileInfo>
    </File>
    <File Path="$PSRCDIR/sources_1/new/and_trigger_module.sv">
      <FileInfo>
        <Attr Name="AutoDisabled" Val="1"/>
        <Attr Name="ImportPath" Val="$PPRDIR/../TDC_V2.0/TDC_V2.0.srcs/sources_1/new/and_trigger_module.sv"/>
        <Attr Name="ImportTime" Val="1655109251"/>
        <Attr Name="UsedIn" Val="synthesis"/>
        <Attr Name="UsedIn" Val="implementation"/>
        <Attr Name="UsedIn" Val="simulation"/>
      </FileInfo>
    </File>
    <File Path="$PSRCDIR/sources_1/new/encoder_latch_block.sv">
      <FileInfo>
        <Attr Name="AutoDisabled" Val="1"/>
        <Attr Name="ImportPath" Val="$PPRDIR/../TDC_V2.0/TDC_V2.0.srcs/sources_1/new/encoder_latch_block.sv"/>
        <Attr Name="ImportTime" Val="1655108119"/>
        <Attr Name="UsedIn" Val="synthesis"/>
        <Attr Name="UsedIn" Val="implementation"/>
        <Attr Name="UsedIn" Val="simulation"/>
      </FileInfo>
    </File>
    <File Path="$PSRCDIR/sources_1/new/encoder_latch_n.sv">
      <FileInfo>
        <Attr Name="AutoDisabled" Val="1"/>
        <Attr Name="ImportPath" Val="$PPRDIR/../TDC_V2.0/TDC_V2.0.srcs/sources_1/new/encoder_latch_n.sv"/>
        <Attr Name="ImportTime" Val="1655108799"/>
        <Attr Name="UsedIn" Val="synthesis"/>
        <Attr Name="UsedIn" Val="implementation"/>
        <Attr Name="UsedIn" Val="simulation"/>
      </FileInfo>
    </File>
    <File Path="$PSRCDIR/sources_1/new/encoder_latch_n1.sv">
      <FileInfo>
        <Attr Name="AutoDisabled" Val="1"/>
        <Attr Name="ImportPath" Val="$PPRDIR/../TDC_V2.0/TDC_V2.0.srcs/sources_1/new/encoder_latch_n1.sv"/>
        <Attr Name="ImportTime" Val="1655108823"/>
        <Attr Name="UsedIn" Val="synthesis"/>
        <Attr Name="UsedIn" Val="implementation"/>
        <Attr Name="UsedIn" Val="simulation"/>
      </FileInfo>
    </File>
    <File Path="$PSRCDIR/sources_1/new/encoder_latch_p.sv">
      <FileInfo>
        <Attr Name="AutoDisabled" Val="1"/>
        <Attr Name="ImportPath" Val="$PPRDIR/../TDC_V2.0/TDC_V2.0.srcs/sources_1/new/encoder_latch_p.sv"/>
        <Attr Name="ImportTime" Val="1655108844"/>
        <Attr Name="UsedIn" Val="synthesis"/>
        <Attr Name="UsedIn" Val="implementation"/>
        <Attr Name="UsedIn" Val="simulation"/>
      </FileInfo>
    </File>
    <File Path="$PSRCDIR/sources_1/new/mvt_event_filter.sv">
      <FileInfo>
        <Attr Name="AutoDisabled" Val="1"/>
        <Attr Name="ImportPath" Val="$PPRDIR/../TDC_V2.0/TDC_V2.0.srcs/sources_1/new/mvt_event_filter.sv"/>
        <Attr Name="ImportTime" Val="1655108144"/>
        <Attr Name="UsedIn" Val="synthesis"/>
        <Attr Name="UsedIn" Val="implementation"/>
        <Attr Name="UsedIn" Val="simulation"/>
      </FileInfo>
    </File>
    <File Path="$PSRCDIR/sources_1/new/mvt_filter_multi.sv">
      <FileInfo>
        <Attr Name="AutoDisabled" Val="1"/>
        <Attr Name="ImportPath" Val="$PPRDIR/../TDC_V2.0/TDC_V2.0.srcs/sources_1/new/mvt_filter_multi.sv"/>
        <Attr Name="ImportTime" Val="1655108985"/>
        <Attr Name="UsedIn" Val="synthesis"/>
        <Attr Name="UsedIn" Val="implementation"/>
        <Attr Name="UsedIn" Val="simulation"/>
      </FileInfo>
    </File>
    <File Path="$PSRCDIR/sources_1/new/mvt_filter_threshold_1.sv">
      <FileInfo>
        <Attr Name="AutoDisabled" Val="1"/>
        <Attr Name="ImportPath" Val="$PPRDIR/../TDC_V2.0/TDC_V2.0.srcs/sources_1/new/mvt_filter_threshold_1.sv"/>
        <Attr Name="ImportTime" Val="1655202983"/>
        <Attr Name="UsedIn" Val="synthesis"/>
        <Attr Name="UsedIn" Val="implementation"/>
        <Attr Name="UsedIn" Val="simulation"/>
      </FileInfo>
    </File>
    <File Path="$PSRCDIR/sources_1/new/mvt_filter_threshold_2.sv">
      <FileInfo>
        <Attr Name="AutoDisabled" Val="1"/>
        <Attr Name="ImportPath" Val="$PPRDIR/../TDC_V2.0/TDC_V2.0.srcs/sources_1/new/mvt_filter_threshold_2.sv"/>
        <Attr Name="ImportTime" Val="1655202998"/>
        <Attr Name="UsedIn" Val="synthesis"/>
        <Attr Name="UsedIn" Val="implementation"/>
        <Attr Name="UsedIn" Val="simulation"/>
      </FileInfo>
    </File>
    <File Path="$PSRCDIR/sources_1/new/mvt_latch_n.sv">
      <FileInfo>
        <Attr Name="AutoDisabled" Val="1"/>
        <Attr Name="ImportPath" Val="$PPRDIR/../TDC_V2.0/TDC_V2.0.srcs/sources_1/new/mvt_latch_n.sv"/>
        <Attr Name="ImportTime" Val="1655109208"/>
        <Attr Name="UsedIn" Val="synthesis"/>
        <Attr Name="UsedIn" Val="implementation"/>
        <Attr Name="UsedIn" Val="simulation"/>
      </FileInfo>
    </File>
    <File Path="$PSRCDIR/sources_1/new/mvt_latch_n_block.sv">
      <FileInfo>
        <Attr Name="AutoDisabled" Val="1"/>
        <Attr Name="ImportPath" Val="$PPRDIR/../TDC_V2.0/TDC_V2.0.srcs/sources_1/new/mvt_latch_n_block.sv"/>
        <Attr Name="ImportTime" Val="1655109106"/>
        <Attr Name="UsedIn" Val="synthesis"/>
        <Attr Name="UsedIn" Val="implementation"/>
        <Attr Name="UsedIn" Val="simulation"/>
      </FileInfo>
    </File>
    <File Path="$PSRCDIR/sources_1/new/mvt_latch_p.sv">
      <FileInfo>
        <Attr Name="AutoDisabled" Val="1"/>
        <Attr Name="ImportPath" Val="$PPRDIR/../TDC_V2.0/TDC_V2.0.srcs/sources_1/new/mvt_latch_p.sv"/>
        <Attr Name="ImportTime" Val="1655109262"/>
        <Attr Name="UsedIn" Val="synthesis"/>
        <Attr Name="UsedIn" Val="implementation"/>
        <Attr Name="UsedIn" Val="simulation"/>
      </FileInfo>
    </File>
    <File Path="$PSRCDIR/sources_1/new/mvt_latch_p_block.sv">
      <FileInfo>
        <Attr Name="AutoDisabled" Val="1"/>
        <Attr Name="ImportPath" Val="$PPRDIR/../TDC_V2.0/TDC_V2.0.srcs/sources_1/new/mvt_latch_p_block.sv"/>
        <Attr Name="ImportTime" Val="1655109090"/>
        <Attr Name="UsedIn" Val="synthesis"/>
        <Attr Name="UsedIn" Val="implementation"/>
        <Attr Name="UsedIn" Val="simulation"/>
      </FileInfo>
    </File>
    <File Path="$PSRCDIR/sources_1/new/mvt_threshold_judge_block.sv">
      <FileInfo>
        <Attr Name="AutoDisabled" Val="1"/>
        <Attr Name="ImportPath" Val="$PPRDIR/../TDC_V2.0/TDC_V2.0.srcs/sources_1/new/mvt_threshold_judge_block.sv"/>
        <Attr Name="ImportTime" Val="1655122751"/>
        <Attr Name="UsedIn" Val="synthesis"/>
        <Attr Name="UsedIn" Val="implementation"/>
        <Attr Name="UsedIn" Val="simulation"/>
      </FileInfo>
    </File>
    <Config>
      <Option Name="DesignMode" Val="RTL"/>
      <Option Name="TopModule" Val="MVT"/>
    </Config>
  </FileSet>
  <FileSet Name="constrs_in" Type="Constrs" RelSrcDir="$PSRCDIR/constrs_1">
    <Filter Type="Constrs"/>
    <File Path="$PSRCDIR/constrs_1/new/mvt.xdc">
      <FileInfo>
        <Attr Name="ImportPath" Val="$PPRDIR/../TDC_V2.0/TDC_V2.0.srcs/constrs_1/new/mvt.xdc"/>
        <Attr Name="ImportTime" Val="1655208088"/>
        <Attr Name="UsedIn" Val="synthesis"/>
        <Attr Name="UsedIn" Val="implementation"/>
      </FileInfo>
    </File>
    <Config>
      <Option Name="TargetConstrsFile" Val="$PSRCDIR/constrs_1/new/mvt.xdc"/>
      <Option Name="ConstrsType" Val="XDC"/>
    </Config>
  </FileSet>
  <FileSet Name="utils" Type="Utils" RelSrcDir="$PSRCDIR/utils_1">
    <Filter Type="Utils"/>
    <Config>
      <Option Name="TopAutoSet" Val="TRUE"/>
    </Config>
  </FileSet>
  <Strategy Version="1" Minor="2">
    <StratHandle Name="Vivado Implementation Defaults" Flow="Vivado Implementation 2019"/>
    <Step Id="init_design"/>
    <Step Id="opt_design"/>
    <Step Id="power_opt_design"/>
    <Step Id="place_design"/>
    <Step Id="post_place_power_opt_design"/>
    <Step Id="phys_opt_design"/>
    <Step Id="route_design"/>
    <Step Id="post_route_phys_opt_design"/>
    <Step Id="write_bitstream"/>
  </Strategy>
  <BlockFileSet Type="BlockSrcs" Name="design_1_zynq_ultra_ps_e_0_0"/>
  <BlockFileSet Type="BlockSrcs" Name="clk_wiz_0"/>
  <BlockFileSet Type="BlockSrcs" Name="fifo_generator_0"/>
</GenRun>
